Start,End,Peptide,Peptide_Length,Num_Modifications,Calculated_MZ,Experimental_MZ,Charge,Mascot_Score,Percolator_Q_Value,Percolator_PEP,esm_result,Protein_IDs,Duplicate_Count,Protein_Count,Ensembl_ID,UniProt_ID,Protein_Name,Gene_Name,UniProt_Reviewed,Protein_Length
1169,1197,AGLELGAEPETIVNSGLISPEGLAIDHIR,29,1,1092.597786,1092.5997,3,113.02,0.0,4.99164e-12,0.419397234916687,ENSP00000216286.4;ENSP00000452190.1,1,2,ENSP00000216286.4,Q14112,Nidogen-2 (NID-2) (Osteonidogen),NID2,reviewed,1375
112,152,AIHVHQFGDLSQGCESTGPHYNPLAVPHPQHPGDFGNFAVR,41,3,729.368122428571,729.3643,7,43.83,0.000217101,4.13904e-05,0.3609649837017059,ENSP00000371554.3,1,1,ENSP00000371554.3,P08294,Extracellular superoxide dismutase [Cu-Zn] (EC-SOD) (EC 1.15.1.1),SOD3,reviewed,240
28,51,AVAFQDCPVDLFFVLDTSESVALR,24,2,1001.85282133333,1001.8528,3,77.46,0.0,1.79458e-08,0.5342854261398315,ENSP00000355180.3;ENSP00000483630.1,1,2,ENSP00000355180.3,P12109,Collagen alpha-1(VI) chain,COL6A1,reviewed,1028
356,377,DILATNGVIHYIDELLIPDSAK,22,2,1006.90388766667,1006.9016,3,40.84,0.000317042,8.23511e-05,0.5422221422195435,ENSP00000416330.2;ENSP00000421440.1;ENSP00000423871.1;ENSP00000474155.1,1,4,ENSP00000416330.2,Q15582,Transforming growth factor-beta-induced protein ig-h3 (Beta ig-h3) (Kerato-epithelin) (RGD-containing collagen-associated protein) (RGD-CAP),TGFBI BIGH3,reviewed,683
141,161,DVAPGTLCDVAGWGIVNHAGR,21,2,823.758527333333,823.7547,3,63.25,0.0,4.72972e-07,0.2674039602279663,ENSP00000332139.4,1,1,ENSP00000332139.4,P00746,Complement factor D (EC 3.4.21.46) (Adipsin) (C3 convertase activator) (Properdin factor D),CFD DF PFD,reviewed,253
1233,1252,DVVFLIDGSQSAGPEFQYVR,20,1,844.440966333333,844.4379,3,56.18,0.0,2.41015e-06,0.6685166954994202,ENSP00000295550.4;ENSP00000315609.4;ENSP00000315873.4;ENSP00000375860.2;ENSP00000375861.3,1,5,ENSP00000295550.4,P12111,Collagen alpha-3(VI) chain,COL6A3,reviewed,3177
1233,1252,DVVFLIDGSQSAGPEFQYVR,20,1,844.440966333333,844.4379,3,56.18,0.0,2.41015e-06,0.6685166954994202,ENSP00000295550.4;ENSP00000315609.4;ENSP00000315873.4;ENSP00000375860.2;ENSP00000375861.3,1,5,ENSP00000315873.4,P12111,Collagen alpha-3(VI) chain,COL6A3,reviewed,3177
1233,1252,DVVFLIDGSQSAGPEFQYVR,20,1,844.440966333333,844.4379,3,56.18,0.0,2.41015e-06,0.6685166954994202,ENSP00000295550.4;ENSP00000315609.4;ENSP00000315873.4;ENSP00000375860.2;ENSP00000375861.3,1,5,ENSP00000375860.2,P12111,Collagen alpha-3(VI) chain,COL6A3,reviewed,3177
1233,1252,DVVFLIDGSQSAGPEFQYVR,20,1,844.440966333333,844.4379,3,56.18,0.0,2.41015e-06,0.6685166954994202,ENSP00000295550.4;ENSP00000315609.4;ENSP00000315873.4;ENSP00000375860.2;ENSP00000375861.3,1,5,ENSP00000375861.3,P12111,Collagen alpha-3(VI) chain,COL6A3,reviewed,3177
138,153,EFADSLGIPFLETSAK,16,2,1167.1460625,1167.1433,2,81.45,0.0,7.16036e-09,0.1739030927419662,ENSP00000310226.6;ENSP00000386451.1;ENSP00000387286.3;ENSP00000435195.1,1,4,ENSP00000310226.6,Q9H0U4,Ras-related protein Rab-1B (EC 3.6.5.2),RAB1B,reviewed,201
138,153,EFADSLGIPFLETSAK,16,2,1167.1460625,1167.1433,2,81.45,0.0,7.16036e-09,0.1739030927419662,ENSP00000310226.6;ENSP00000386451.1;ENSP00000387286.3;ENSP00000435195.1,1,4,ENSP00000386451.1,P62820,Ras-related protein Rab-1A (EC 3.6.5.2) (YPT1-related protein),RAB1A RAB1,reviewed,205
138,153,EFADSLGIPFLETSAK,16,2,1167.1460625,1167.1433,2,81.45,0.0,7.16036e-09,0.1739030927419662,ENSP00000310226.6;ENSP00000386451.1;ENSP00000387286.3;ENSP00000435195.1,1,4,ENSP00000387286.3,P62820,Ras-related protein Rab-1A (EC 3.6.5.2) (YPT1-related protein),RAB1A RAB1,reviewed,205
534,548,EGVYTVFAPTNEAFR,15,1,669.015922666667,669.0154,3,45.54,0.000217101,2.79444e-05,0.5008907914161682,ENSP00000416330.2;ENSP00000421440.1,1,2,ENSP00000416330.2,Q15582,Transforming growth factor-beta-induced protein ig-h3 (Beta ig-h3) (Kerato-epithelin) (RGD-containing collagen-associated protein) (RGD-CAP),TGFBI BIGH3,reviewed,683
523,542,ELLTQPGDWTLFVPTNDAFK,20,2,967.526654666667,967.5222,3,34.2,0.000317042,0.000379953,0.3342017829418182,ENSP00000369066.4;ENSP00000369067.4;ENSP00000437953.1,1,3,ENSP00000369067.4,Q15063,Periostin (PN) (Osteoblast-specific factor 2) (OSF-2),POSTN OSF2,reviewed,836
523,542,ELLTQPGDWTLFVPTNDAFK,20,2,967.526654666667,967.5222,3,34.2,0.000317042,0.000379953,0.3342017829418182,ENSP00000369066.4;ENSP00000369067.4;ENSP00000437953.1,1,3,ENSP00000437953.1,Q15063,Periostin (PN) (Osteoblast-specific factor 2) (OSF-2),POSTN OSF2,reviewed,836
73,91,ENLIYTYIGPVLVSVNPYR,19,1,1257.699094,1257.6975,2,13.74,0.00494782,0.0422878,0.2918249368667602,ENSP00000352834.5;ENSP00000354283.2;ENSP00000458610.1;ENSP00000459271.2;ENSP00000460831.1;ENSP00000461682.1,1,6,ENSP00000354283.2,O00159,Unconventional myosin-Ic (Myosin I beta) (MMI-beta) (MMIb),MYO1C,reviewed,1063
4053,4074,ERPLNVFCDMETDGGGWLVFQR,22,2,977.47921,977.4747,3,39.45,0.000317042,0.000113392,0.3734939992427826,ENSP00000364393.3;ENSP00000372645.2;ENSP00000387438.1;ENSP00000387561.1;ENSP00000407685.1;ENSP00000447829.1;ENSP00000448326.2;ENSP00000483409.1,1,8,ENSP00000364393.3,P22105,Tenascin-X (TN-X) (Hexabrachion-like protein),TNXB HXBL TNX TNXB1 TNXB2 XB,reviewed,4244
4053,4074,ERPLNVFCDMETDGGGWLVFQR,22,2,977.47921,977.4747,3,39.45,0.000317042,0.000113392,0.3734939992427826,ENSP00000364393.3;ENSP00000372645.2;ENSP00000387438.1;ENSP00000387561.1;ENSP00000407685.1;ENSP00000447829.1;ENSP00000448326.2;ENSP00000483409.1,1,8,ENSP00000407685.1,P22105,Tenascin-X (TN-X) (Hexabrachion-like protein),TNXB HXBL TNX TNXB1 TNXB2 XB,reviewed,4244
4053,4074,ERPLNVFCDMETDGGGWLVFQR,22,2,977.47921,977.4747,3,39.45,0.000317042,0.000113392,0.3734939992427826,ENSP00000364393.3;ENSP00000372645.2;ENSP00000387438.1;ENSP00000387561.1;ENSP00000407685.1;ENSP00000447829.1;ENSP00000448326.2;ENSP00000483409.1,1,8,ENSP00000448326.2,P22105,Tenascin-X (TN-X) (Hexabrachion-like protein),TNXB HXBL TNX TNXB1 TNXB2 XB,reviewed,4244
1130,1157,EVTSDSGSIVVSGLTPGVEYVYTIQVLR,28,1,1091.59043133333,1091.585,3,16.93,0.00302199,0.0202684,0.2845357954502105,ENSP00000323534.6;ENSP00000338200.4;ENSP00000348285.4;ENSP00000399538.2,1,4,ENSP00000323534.6,P02751,Fibronectin (FN) (Cold-insoluble globulin) (CIG) [Cleaved into: Anastellin; Ugl-Y1; Ugl-Y2; Ugl-Y3],FN1 FN,reviewed,2477
1130,1157,EVTSDSGSIVVSGLTPGVEYVYTIQVLR,28,1,1091.59043133333,1091.585,3,16.93,0.00302199,0.0202684,0.2845357954502105,ENSP00000323534.6;ENSP00000338200.4;ENSP00000348285.4;ENSP00000399538.2,1,4,ENSP00000338200.4,P02751,Fibronectin (FN) (Cold-insoluble globulin) (CIG) [Cleaved into: Anastellin; Ugl-Y1; Ugl-Y2; Ugl-Y3],FN1 FN,reviewed,2477
1130,1157,EVTSDSGSIVVSGLTPGVEYVYTIQVLR,28,1,1091.59043133333,1091.585,3,16.93,0.00302199,0.0202684,0.2845357954502105,ENSP00000323534.6;ENSP00000338200.4;ENSP00000348285.4;ENSP00000399538.2,1,4,ENSP00000348285.4,P02751,Fibronectin (FN) (Cold-insoluble globulin) (CIG) [Cleaved into: Anastellin; Ugl-Y1; Ugl-Y2; Ugl-Y3],FN1 FN,reviewed,2477
1130,1157,EVTSDSGSIVVSGLTPGVEYVYTIQVLR,28,1,1091.59043133333,1091.585,3,16.93,0.00302199,0.0202684,0.2845357954502105,ENSP00000323534.6;ENSP00000338200.4;ENSP00000348285.4;ENSP00000399538.2,1,4,ENSP00000399538.2,P02751,Fibronectin (FN) (Cold-insoluble globulin) (CIG) [Cleaved into: Anastellin; Ugl-Y1; Ugl-Y2; Ugl-Y3],FN1 FN,reviewed,2477
41,61,FGSYCPTTCGIADFLSTYQTK,21,4,1513.2484185,1513.238,2,14.44,0.00422006,0.0359889,0.369192361831665,ENSP00000336829.3;ENSP00000384101.1,1,2,ENSP00000336829.3,P02679,Fibrinogen gamma chain,FGG PRO2061,reviewed,453
588,613,FLTHTHGLLGTLNNDPTDDFTLHSGR,26,1,637.5283178,637.527,5,52.95,0.0,5.07477e-06,0.287076324224472,ENSP00000351075.3,1,1,ENSP00000351075.3,Q9UGT4,Sushi domain-containing protein 2,SUSD2,reviewed,822
494,510,GALISDQWVLTAAHCFR,17,2,750.398262,750.3979,3,36.22,0.000317042,0.00023859,0.2336022108793258,ENSP00000299367.5;ENSP00000372664.3;ENSP00000410815.1;ENSP00000417482.1;ENSP00000418996.1,1,5,ENSP00000299367.5,P06681,Complement C2 (C3/C5 convertase) [Cleaved into: Complement C2a; Serine protease complement C2b (EC 3.4.21.43)],C2,reviewed,752
778,794,GDGGPPGMTGFPGAAGR,17,2,911.4464085,911.4457,2,21.42,0.00137579,0.00721083,0.4359013438224792,ENSP00000297268.6,1,1,ENSP00000297268.6,P08123,Collagen alpha-2(I) chain (Alpha-2 type I collagen),COL1A2,reviewed,1366
1394,1419,GDQDATMSILDISMMTGFAPDTDDLK,26,2,1132.88715366667,1132.8824,3,32.39,0.000317042,0.000577098,0.7439718246459961,ENSP00000245907.4;ENSP00000469744.1,1,2,ENSP00000245907.4,P01024,Complement C3 (C3 and PZP-like alpha-2-macroglobulin domain-containing protein 1) [Cleaved into: Complement C3 beta chain; C3-beta-c (C3bc); Complement C3 alpha chain; C3a anaphylatoxin; Acylation stimulating protein (ASP) (C3adesArg); Complement C3b (Complement C3b-alpha' chain); Complement C3c alpha' chain fragment 1; Complement C3dg fragment; Complement C3g fragment; Complement C3d fragment; Complement C3f fragment; Complement C3c alpha' chain fragment 2],C3 CPAMD1,reviewed,1663
90,110,GDSGGPLLCAGVAQGIVSYGR,21,2,1169.6099755,1169.6089,2,138.44,0.0,1.43104e-14,0.2157541811466217,ENSP00000206446.4;ENSP00000250378.3,1,2,ENSP00000206446.4,P23946,Chymase (EC 3.4.21.39) (Alpha-chymase) (Mast cell protease I),CMA1 CYH CYM,reviewed,247
90,110,GDSGGPLLCAGVAQGIVSYGR,21,2,1169.6099755,1169.6089,2,138.44,0.0,1.43104e-14,0.2157541811466217,ENSP00000206446.4;ENSP00000250378.3,1,2,ENSP00000250378.3,P23946,Chymase (EC 3.4.21.39) (Alpha-chymase) (Mast cell protease I),CMA1 CYH CYM,reviewed,247
321,338,GEAGPTGPMGAMGPLGPR,18,1,979.000478,978.9966,2,32.97,0.000317042,0.000504841,0.1724088639020919,ENSP00000364000.3,1,1,ENSP00000364000.3,P05997,Collagen alpha-2(V) chain,COL5A2,reviewed,1499
265,282,GEIGAVGNAGPAGPAGPR,18,1,926.5025535,926.5007,2,91.77,0.0,6.65126e-10,0.3176385164260864,ENSP00000297268.6,1,1,ENSP00000297268.6,P08123,Collagen alpha-2(I) chain (Alpha-2 type I collagen),COL1A2,reviewed,1366
748,777,GENGVVGPTGPVGAAGPAGPNGPPGPAGSR,30,1,952.494911333333,952.4871,3,19.73,0.00226768,0.0106516,0.9957473874092102,ENSP00000297268.6,1,1,ENSP00000297268.6,P08123,Collagen alpha-2(I) chain (Alpha-2 type I collagen),COL1A2,reviewed,1366
1350,1367,GEQGFMGNTGPTGAVGDR,18,1,1027.9969915,1027.9913,2,77.74,0.0,1.68382e-08,0.947540283203125,ENSP00000353654.5,1,1,ENSP00000353654.5,P08572,Collagen alpha-2(IV) chain [Cleaved into: Canstatin],COL4A2,reviewed,1712
971,984,GFPGLPGPSGEPGK,14,2,635.694521666667,635.6907,3,18.38,0.00244909,0.0145188,0.5066815614700317,ENSP00000225964.5;ENSP00000338213.6,1,2,ENSP00000338213.6,P02458,Collagen alpha-1(II) chain (Alpha-1 type II collagen) [Cleaved into: Collagen alpha-1(II) chain; Chondrocalcin],COL2A1,reviewed,1487
575,602,GPEGPQGPPGHQGPPGPDECEILDIIMK,28,3,1177.600446,1177.5986,3,26.86,0.000490081,0.00205898,0.9973751306533812,ENSP00000355180.3;ENSP00000483630.1,1,2,ENSP00000355180.3,P12109,Collagen alpha-1(VI) chain,COL6A1,reviewed,1028
213,233,GSELWLGVDALGLNIYEQNDR,21,1,889.462415,889.462,3,65.91,0.0,2.56379e-07,0.4323407411575317,ENSP00000353408.5,1,1,ENSP00000353408.5,P26038,Moesin (Membrane-organizing extension spike protein),MSN,reviewed,577
130,150,GSFTYFAPSNEAWDNLDSDIR,21,1,1355.1403325,1355.1385,2,23.39,0.00125363,0.00458613,0.6327301859855652,ENSP00000369066.4;ENSP00000369067.4;ENSP00000437953.1,1,3,ENSP00000369067.4,Q15063,Periostin (PN) (Osteoblast-specific factor 2) (OSF-2),POSTN OSF2,reviewed,836
130,150,GSFTYFAPSNEAWDNLDSDIR,21,1,1355.1403325,1355.1385,2,23.39,0.00125363,0.00458613,0.6327301859855652,ENSP00000369066.4;ENSP00000369067.4;ENSP00000437953.1,1,3,ENSP00000437953.1,Q15063,Periostin (PN) (Osteoblast-specific factor 2) (OSF-2),POSTN OSF2,reviewed,836
382,406,HVIILMTDGLHNMGGDPITVIDEIR,25,1,766.66226725,766.66,4,47.13,0.0,1.93454e-05,0.6262465715408325,ENSP00000364592.3;ENSP00000382862.1;ENSP00000388352.2;ENSP00000410815.1;ENSP00000418996.1,1,5,ENSP00000382862.1,P00751,Complement factor B (EC 3.4.21.47) (C3/C5 convertase) (Glycine-rich beta glycoprotein) (GBG) (PBF2) (Properdin factor B) [Cleaved into: Complement factor B Ba (Ba); Complement factor B Bb (Bb)],CFB BF BFD,reviewed,764
382,406,HVIILMTDGLHNMGGDPITVIDEIR,25,1,766.66226725,766.66,4,47.13,0.0,1.93454e-05,0.6262465715408325,ENSP00000364592.3;ENSP00000382862.1;ENSP00000388352.2;ENSP00000410815.1;ENSP00000418996.1,1,5,ENSP00000388352.2,P00751,Complement factor B (EC 3.4.21.47) (C3/C5 convertase) (Glycine-rich beta glycoprotein) (GBG) (PBF2) (Properdin factor B) [Cleaved into: Complement factor B Ba (Ba); Complement factor B Bb (Bb)],CFB BF BFD,reviewed,764
74,109,IECQDVLDCADPVTPPGECCPVCSQTPGGGNTNFGR,36,6,1067.97339375,1067.9725,4,30.63,0.000317042,0.000864093,0.4818324446678161,ENSP00000364000.3,1,1,ENSP00000364000.3,P05997,Collagen alpha-2(V) chain,COL5A2,reviewed,1499
157,185,IQCAAGYEQSEHNVCQDIDECTAGTHNCR,29,6,807.1647924,807.1647,5,47.74,0.0,1.68212e-05,0.2385828346014022,ENSP00000347596.3;ENSP00000489183.1,1,2,ENSP00000347596.3,Q12805,EGF-containing fibulin-like extracellular matrix protein 1 (Extracellular protein S1-5) (Fibrillin-like protein) (Fibulin-3) (FIBL-3),EFEMP1 FBLN3 FBNL,reviewed,493
237,265,KVPDGLPSALEQLYMEHNNVYTVPDSYFR,29,2,998.5184455,998.5159,4,52.27,0.0,5.92601e-06,0.4766057431697845,ENSP00000347041.4,1,1,ENSP00000347041.4,Q06828,Fibromodulin (FM) (Collagen-binding 59 kDa protein) (Keratan sulfate proteoglycan fibromodulin) (KSPG fibromodulin),FMOD FM SLRR2E,reviewed,376
94,120,LFENQLVGPESIAHIGDVMFTGTADGR,27,1,795.4090665,795.4052,4,14.23,0.00444042,0.0377432,0.3656216263771057,ENSP00000217456.2,1,1,ENSP00000217456.2,Q9HDC9,Adipocyte plasma membrane-associated protein (Protein BSCv),APMAP C20orf3 UNQ1869/PRO4305,reviewed,416
2683,2697,LHQMSVADSGEYVCR,15,3,691.332929,691.3328,3,47.57,0.0,1.75051e-05,0.2632301449775696,ENSP00000363827.3,1,1,ENSP00000363827.3,P98160,Basement membrane-specific heparan sulfate proteoglycan core protein (HSPG) (Perlecan) (PLC) [Cleaved into: Endorepellin; LG3 peptide],HSPG2,reviewed,4391
649,670,LKPDTPYTITVSSLYPDGEGGR,22,2,992.204236333333,992.2012,3,84.21,0.0,3.78894e-09,0.3104697465896606,ENSP00000305147.9;ENSP00000325146.8;ENSP00000393217.1;ENSP00000412864.2,1,4,ENSP00000305147.9,Q99715,Collagen alpha-1(XII) chain,COL12A1 COL12A1L,reviewed,3063
649,670,LKPDTPYTITVSSLYPDGEGGR,22,2,992.204236333333,992.2012,3,84.21,0.0,3.78894e-09,0.3104697465896606,ENSP00000305147.9;ENSP00000325146.8;ENSP00000393217.1;ENSP00000412864.2,1,4,ENSP00000325146.8,Q99715,Collagen alpha-1(XII) chain,COL12A1 COL12A1L,reviewed,3063
649,670,LKPDTPYTITVSSLYPDGEGGR,22,2,992.204236333333,992.2012,3,84.21,0.0,3.78894e-09,0.3104697465896606,ENSP00000305147.9;ENSP00000325146.8;ENSP00000393217.1;ENSP00000412864.2,1,4,ENSP00000412864.2,Q99715,Collagen alpha-1(XII) chain,COL12A1 COL12A1L,reviewed,3063
36,59,LLEQEFADVIVKPHDPATVDEVLR,24,2,836.21957925,836.2186,4,52.02,0.0,6.28529e-06,0.2519653737545013,ENSP00000271835.3,1,1,ENSP00000271835.3,Q9UBG3,Cornulin (53 kDa putative calcium-binding protein) (53 kDa squamous epithelial-induced stress protein) (58 kDa heat shock protein) (Squamous epithelial heat shock protein 53) (Tumor-related protein),CRNN C1orf10 DRC1 PDRC1 SEP53,reviewed,495
450,478,LNQNDQLLSVPDVINCLTTTYDGLEQMHK,29,3,992.76429125,992.7623,4,32.75,0.000317042,0.000530828,0.1952274292707443,ENSP00000356496.4;ENSP00000356515.3,1,2,ENSP00000356515.3,P46939,Utrophin (Dystrophin-related protein 1) (DRP-1),UTRN DMDL DRP1,reviewed,3433
139,160,LVRPEVDVMCTAFHDNEETFLK,22,3,815.42413475,815.419,4,22.15,0.00125363,0.00608953,0.4136753678321838,ENSP00000295897.4;ENSP00000392541.1;ENSP00000422784.1;ENSP00000480485.1,1,4,ENSP00000295897.4,P02768,Albumin,ALB GIG20 GIG42 PRO0903 PRO1708 PRO2044 PRO2619 PRO2675 UNQ696/PRO1341,reviewed,609
422,443,MDWLVPATCEPIQSVFFFSGDK,22,3,1061.54321566667,1061.54,3,18.44,0.00239535,0.0143096,0.8514977693557739,ENSP00000226218.4;ENSP00000452347.3,1,2,ENSP00000226218.4,P04004,Vitronectin (VN) (S-protein) (Serum-spreading factor) (V75) [Cleaved into: Vitronectin V65 subunit; Vitronectin V10 subunit; Somatomedin-B],VTN,reviewed,478
115,154,MGCVLIGPSCTYSTFQMYLDTELSYPMISAGSFGLSCDYK,40,8,1374.408914,1374.4,4,17.94,0.00255428,0.0160539,0.7429413795471191,ENSP00000261170.3,1,1,ENSP00000261170.3,P25092,Guanylyl cyclase C (GC-C) (EC 4.6.1.2) (Heat-stable enterotoxin receptor) (STA receptor) (hSTAR) (Intestinal guanylate cyclase),GUCY2C GUC2C STAR,reviewed,1073
296,332,NADVNELQEIASEPDSTHVYNVAEFDLMHTVVESLTR,37,1,896.2412298,896.24,5,46.19,0.0,2.40195e-05,0.2190952897071838,ENSP00000297848.3;ENSP00000311809.4;ENSP00000409461.1;ENSP00000428851.1;ENSP00000429123.1,1,5,ENSP00000297848.3,Q05707,Collagen alpha-1(XIV) chain (Undulin),COL14A1 UND,reviewed,1796
296,332,NADVNELQEIASEPDSTHVYNVAEFDLMHTVVESLTR,37,1,896.2412298,896.24,5,46.19,0.0,2.40195e-05,0.2190952897071838,ENSP00000297848.3;ENSP00000311809.4;ENSP00000409461.1;ENSP00000428851.1;ENSP00000429123.1,1,5,ENSP00000311809.4,Q05707,Collagen alpha-1(XIV) chain (Undulin),COL14A1 UND,reviewed,1796
1232,1252,RDVVFLIDGSQSAGPEFQYVR,21,1,896.474668,896.4747,3,20.84,0.00150385,0.00823722,0.5933559536933899,ENSP00000295550.4;ENSP00000315609.4;ENSP00000315873.4;ENSP00000375860.2;ENSP00000375861.3,1,5,ENSP00000295550.4,P12111,Collagen alpha-3(VI) chain,COL6A3,reviewed,3177
1232,1252,RDVVFLIDGSQSAGPEFQYVR,21,1,896.474668,896.4747,3,20.84,0.00150385,0.00823722,0.5933559536933899,ENSP00000295550.4;ENSP00000315609.4;ENSP00000315873.4;ENSP00000375860.2;ENSP00000375861.3,1,5,ENSP00000315873.4,P12111,Collagen alpha-3(VI) chain,COL6A3,reviewed,3177
1232,1252,RDVVFLIDGSQSAGPEFQYVR,21,1,896.474668,896.4747,3,20.84,0.00150385,0.00823722,0.5933559536933899,ENSP00000295550.4;ENSP00000315609.4;ENSP00000315873.4;ENSP00000375860.2;ENSP00000375861.3,1,5,ENSP00000375860.2,P12111,Collagen alpha-3(VI) chain,COL6A3,reviewed,3177
1232,1252,RDVVFLIDGSQSAGPEFQYVR,21,1,896.474668,896.4747,3,20.84,0.00150385,0.00823722,0.5933559536933899,ENSP00000295550.4;ENSP00000315609.4;ENSP00000315873.4;ENSP00000375860.2;ENSP00000375861.3,1,5,ENSP00000375861.3,P12111,Collagen alpha-3(VI) chain,COL6A3,reviewed,3177
224,236,SLILLDLSYNHLR,13,1,621.033124333333,621.0305,3,30.88,0.000317042,0.00081634,0.2448393851518631,ENSP00000347041.4,1,1,ENSP00000347041.4,Q06828,Fibromodulin (FM) (Collagen-binding 59 kDa protein) (Keratan sulfate proteoglycan fibromodulin) (KSPG fibromodulin),FMOD FM SLRR2E,reviewed,376
767,797,TEWTPAPGPVDAYEIQFIPTTEGASPPFTAR,31,1,1217.615522,1217.6149,3,15.98,0.00348268,0.025228,0.5034172534942627,ENSP00000364393.3;ENSP00000372645.2;ENSP00000387561.1;ENSP00000393091.1;ENSP00000399153.1;ENSP00000447829.1;ENSP00000447841.1,1,7,ENSP00000364393.3,P22105,Tenascin-X (TN-X) (Hexabrachion-like protein),TNXB HXBL TNX TNXB1 TNXB2 XB,reviewed,4244
39,58,TFYEPGEEITYSCKPGYVSR,20,3,997.838783333333,997.8379,3,36.87,0.000317042,0.000205444,0.1767009943723678,ENSP00000205948.6;ENSP00000464301.1,1,2,ENSP00000205948.6,P02749,Beta-2-glycoprotein 1 (APC inhibitor) (Activated protein C-binding protein) (Anticardiolipin cofactor) (Apolipoprotein H) (Apo-H) (Beta-2-glycoprotein I) (B2GPI) (Beta(2)GPI),APOH B2G1,reviewed,345
271,293,TLEGPVPLEVIVIDQNDNRPIFR,23,1,980.214958333333,980.2101,3,18.99,0.00227833,0.0126146,0.2104345858097076,ENSP00000268613.10;ENSP00000394557.3,1,2,ENSP00000268613.10,P55290,Cadherin-13 (Heart cadherin) (H-cadherin) (P105) (Truncated cadherin) (T-cad) (T-cadherin),CDH13 CDHH,reviewed,713
271,293,TLEGPVPLEVIVIDQNDNRPIFR,23,1,980.214958333333,980.2101,3,18.99,0.00227833,0.0126146,0.2104345858097076,ENSP00000268613.10;ENSP00000394557.3,1,2,ENSP00000394557.3,P55290,Cadherin-13 (Heart cadherin) (H-cadherin) (P105) (Truncated cadherin) (T-cad) (T-cadherin),CDH13 CDHH,reviewed,713
950,969,TTLTGLRPGTEYGIGVSAVK,20,2,876.844205333333,876.8422,3,22.8,0.00125363,0.00524439,0.2297901064157486,ENSP00000265131.4;ENSP00000411406.2;ENSP00000438152.2;ENSP00000443478.1,1,4,ENSP00000265131.4,P24821,Tenascin (TN) (Cytotactin) (GMEM) (GP 150-225) (Glioma-associated-extracellular matrix antigen) (Hexabrachion) (JI) (Myotendinous antigen) (Neuronectin) (Tenascin-C) (TN-C),TNC HXB,reviewed,2201
950,969,TTLTGLRPGTEYGIGVSAVK,20,2,876.844205333333,876.8422,3,22.8,0.00125363,0.00524439,0.2297901064157486,ENSP00000265131.4;ENSP00000411406.2;ENSP00000438152.2;ENSP00000443478.1,1,4,ENSP00000443478.1,P24821,Tenascin (TN) (Cytotactin) (GMEM) (GP 150-225) (Glioma-associated-extracellular matrix antigen) (Hexabrachion) (JI) (Myotendinous antigen) (Neuronectin) (Tenascin-C) (TN-C),TNC HXB,reviewed,2201
9,52,VLPGIAAAFHPGLAAAASARASSWWTHVEMGPPDPILGVTEAFK,44,3,854.459938166667,854.4647,6,22.43,0.00125363,0.00571862,0.1963704824447631,ENSP00000245206.5;ENSP00000394100.2,1,2,ENSP00000245206.5,P00505,"Aspartate aminotransferase, mitochondrial (mAspAT) (EC 2.6.1.1) (EC 2.6.1.7) (Fatty acid-binding protein) (FABP-1) (Glutamate oxaloacetate transaminase 2) (Kynurenine aminotransferase 4) (Kynurenine aminotransferase IV) (Kynurenine--oxoglutarate transaminase 4) (Kynurenine--oxoglutarate transaminase IV) (Plasma membrane-associated fatty acid-binding protein) (FABPpm) (Transaminase A)",GOT2 KYAT4,reviewed,430
480,507,VLSTLNVLVTPELLETGVECTASNDLGK,28,3,895.9955495,895.9929,4,28.35,0.000317042,0.00146054,0.2101987600326538,ENSP00000264036.4,1,1,ENSP00000264036.4,P43121,Cell surface glycoprotein MUC18 (Cell surface glycoprotein P1H12) (Melanoma cell adhesion molecule) (Melanoma-associated antigen A32) (Melanoma-associated antigen MUC18) (S-endo 1 endothelial-associated antigen) (CD antigen CD146),MCAM MUC18,reviewed,646
767,805,VTYMTAQGDPEEEVIGTVMVPGSQNNLLLKPLLPDTEYK,39,3,1301.44847625,1301.4458,4,42.04,0.000317042,6.25413e-05,0.2985635995864868,ENSP00000297848.3;ENSP00000311809.4;ENSP00000409461.1,1,3,ENSP00000297848.3,Q05707,Collagen alpha-1(XIV) chain (Undulin),COL14A1 UND,reviewed,1796
767,805,VTYMTAQGDPEEEVIGTVMVPGSQNNLLLKPLLPDTEYK,39,3,1301.44847625,1301.4458,4,42.04,0.000317042,6.25413e-05,0.2985635995864868,ENSP00000297848.3;ENSP00000311809.4;ENSP00000409461.1,1,3,ENSP00000311809.4,Q05707,Collagen alpha-1(XIV) chain (Undulin),COL14A1 UND,reviewed,1796
1170,1197,VVTPLSPPTNLHLEANPDTGVLTVSWER,28,1,837.45416775,837.4484,4,33.79,0.000317042,0.000418289,0.1860426664352417,ENSP00000323534.6;ENSP00000338200.4;ENSP00000348285.4;ENSP00000399538.2,1,4,ENSP00000323534.6,P02751,Fibronectin (FN) (Cold-insoluble globulin) (CIG) [Cleaved into: Anastellin; Ugl-Y1; Ugl-Y2; Ugl-Y3],FN1 FN,reviewed,2477
1170,1197,VVTPLSPPTNLHLEANPDTGVLTVSWER,28,1,837.45416775,837.4484,4,33.79,0.000317042,0.000418289,0.1860426664352417,ENSP00000323534.6;ENSP00000338200.4;ENSP00000348285.4;ENSP00000399538.2,1,4,ENSP00000338200.4,P02751,Fibronectin (FN) (Cold-insoluble globulin) (CIG) [Cleaved into: Anastellin; Ugl-Y1; Ugl-Y2; Ugl-Y3],FN1 FN,reviewed,2477
1170,1197,VVTPLSPPTNLHLEANPDTGVLTVSWER,28,1,837.45416775,837.4484,4,33.79,0.000317042,0.000418289,0.1860426664352417,ENSP00000323534.6;ENSP00000338200.4;ENSP00000348285.4;ENSP00000399538.2,1,4,ENSP00000348285.4,P02751,Fibronectin (FN) (Cold-insoluble globulin) (CIG) [Cleaved into: Anastellin; Ugl-Y1; Ugl-Y2; Ugl-Y3],FN1 FN,reviewed,2477
1170,1197,VVTPLSPPTNLHLEANPDTGVLTVSWER,28,1,837.45416775,837.4484,4,33.79,0.000317042,0.000418289,0.1860426664352417,ENSP00000323534.6;ENSP00000338200.4;ENSP00000348285.4;ENSP00000399538.2,1,4,ENSP00000399538.2,P02751,Fibronectin (FN) (Cold-insoluble globulin) (CIG) [Cleaved into: Anastellin; Ugl-Y1; Ugl-Y2; Ugl-Y3],FN1 FN,reviewed,2477
443,495,YGGSSNIASLTPGPGMQSPSSYQNNNYGLNMSSPPHGSPGLAPNQQNIMISPR,53,4,1601.0439505,1601.0575,4,39.45,0.000317042,0.000113537,0.6630176901817322,ENSP00000361065.3,1,1,ENSP00000361065.3,Q9Y6Q9,Nuclear receptor coactivator 3 (NCoA-3) (EC 2.3.1.48) (ACTR) (Amplified in breast cancer 1 protein) (AIB-1) (CBP-interacting protein) (pCIP) (Class E basic helix-loop-helix protein 42) (bHLHe42) (Receptor-associated coactivator 3) (RAC-3) (Steroid receptor coactivator protein 3) (SRC-3) (Thyroid hormone receptor activator molecule 1) (TRAM-1),NCOA3 AIB1 BHLHE42 RAC3 TRAM1,reviewed,1424
1425,1456,YPPPAVESDAADIVFLIDSSEGVRPDGFAHIR,32,1,936.98482275,936.983,4,36.43,0.000317042,0.000227596,0.9812387228012084,ENSP00000295550.4;ENSP00000315609.4;ENSP00000315873.4,1,3,ENSP00000295550.4,P12111,Collagen alpha-3(VI) chain,COL6A3,reviewed,3177
1425,1456,YPPPAVESDAADIVFLIDSSEGVRPDGFAHIR,32,1,936.98482275,936.983,4,36.43,0.000317042,0.000227596,0.9812387228012084,ENSP00000295550.4;ENSP00000315609.4;ENSP00000315873.4,1,3,ENSP00000315873.4,P12111,Collagen alpha-3(VI) chain,COL6A3,reviewed,3177
